{
  "meta": {
    "split": "test",
    "model": "C:\\Users\\sadbr\\Documents\\defects_detection\\archive_det\\training\\models\\best.pt",
    "timestamp": "2026-03-16T22:13:37.213608",
    "dataset": "C:\\Users\\sadbr\\Documents\\defects_detection\\archive_det\\training\\dataset.yaml"
  },
  "global_metrics": {
    "mAP_50": 0.757445,
    "mAP_50_95": 0.407327,
    "precision": 0.767961,
    "recall": 0.709033,
    "f1": 0.737322
  },
  "per_class_metrics": {
    "crazing": {
      "precision": 0.498379,
      "recall": 0.391417,
      "mAP_50": 0.429752,
      "mAP_50_95": 0.140117
    },
    "inclusion": {
      "precision": 0.806739,
      "recall": 0.745562,
      "mAP_50": 0.81318,
      "mAP_50_95": 0.430755
    },
    "patches": {
      "precision": 0.866705,
      "recall": 0.873427,
      "mAP_50": 0.931958,
      "mAP_50_95": 0.583535
    },
    "pitted_surface": {
      "precision": 0.904088,
      "recall": 0.75,
      "mAP_50": 0.833878,
      "mAP_50_95": 0.488568
    },
    "rolled-in_scale": {
      "precision": 0.672636,
      "recall": 0.586538,
      "mAP_50": 0.630455,
      "mAP_50_95": 0.262525
    },
    "scratches": {
      "precision": 0.859219,
      "recall": 0.907256,
      "mAP_50": 0.905447,
      "mAP_50_95": 0.53846
    }
  }
}