{
  "meta": {
    "split": "test",
    "model": "C:\\Users\\sadbr\\Documents\\defects_detection\\archive_det\\training\\models\\best.pt",
    "timestamp": "2026-03-18T06:12:38.701584",
    "dataset": "C:\\Users\\sadbr\\Documents\\defects_detection\\archive_det\\training\\dataset.yaml"
  },
  "global_metrics": {
    "mAP_50": 0.771822,
    "mAP_50_95": 0.423409,
    "precision": 0.75762,
    "recall": 0.706611,
    "f1": 0.731227
  },
  "per_class_metrics": {
    "crazing": {
      "precision": 0.552738,
      "recall": 0.474747,
      "mAP_50": 0.483156,
      "mAP_50_95": 0.156833
    },
    "inclusion": {
      "precision": 0.772703,
      "recall": 0.704045,
      "mAP_50": 0.797636,
      "mAP_50_95": 0.426469
    },
    "patches": {
      "precision": 0.875102,
      "recall": 0.865672,
      "mAP_50": 0.941594,
      "mAP_50_95": 0.592546
    },
    "pitted_surface": {
      "precision": 0.813573,
      "recall": 0.720588,
      "mAP_50": 0.799434,
      "mAP_50_95": 0.497488
    },
    "rolled-in_scale": {
      "precision": 0.653215,
      "recall": 0.596154,
      "mAP_50": 0.658862,
      "mAP_50_95": 0.297259
    },
    "scratches": {
      "precision": 0.878388,
      "recall": 0.878462,
      "mAP_50": 0.950249,
      "mAP_50_95": 0.569861
    }
  }
}