epoch,time,train/box_loss,train/cls_loss,train/dfl_loss,metrics/precision(B),metrics/recall(B),metrics/mAP50(B),metrics/mAP50-95(B),val/box_loss,val/cls_loss,val/dfl_loss,lr/pg0,lr/pg1,lr/pg2
1,5803.45,1.93218,2.52364,2.15308,0.55091,0.40298,0.3726,0.15504,2.22126,2.94448,2.25662,0.000329114,0.000329114,0.0674177
2,10433.9,1.8135,2.03201,1.99569,0.38957,0.25345,0.16768,0.0619,2.50641,3.27765,2.63657,0.000655889,0.000655889,0.0344112
3,14859.4,1.78128,1.9997,1.9834,0.50771,0.36668,0.30284,0.11674,2.0897,3.08503,2.09951,0.000976064,0.000976064,0.00139801
